day,date,service_key,platform,suggested_file
1,2025-09-22,budgeting,facebook_linkedin,posts/facebook_linkedin/budgeting_v1.md
2,2025-09-23,portfolio,x_twitter,posts/x_twitter/portfolio_v2.txt
3,2025-09-24,integration,stocktwits,posts/stocktwits/integration_v1.txt
4,2025-09-25,alerts,discord,posts/discord/alerts_v2.md
5,2025-09-26,gold,video,video_scripts/shorts/gold_v1.md
6,2025-09-27,exchange,facebook_linkedin,posts/facebook_linkedin/exchange_v2.md
7,2025-09-28,assetcreator,x_twitter,posts/x_twitter/assetcreator_v1.txt
8,2025-09-29,retirement,stocktwits,posts/stocktwits/retirement_v2.txt
9,2025-09-30,realtime,discord,posts/discord/realtime_v1.md
10,2025-10-01,community,video,video_scripts/shorts/community_v2.md
11,2025-10-02,budgeting,facebook_linkedin,posts/facebook_linkedin/budgeting_v1.md
12,2025-10-03,portfolio,x_twitter,posts/x_twitter/portfolio_v2.txt
13,2025-10-04,integration,stocktwits,posts/stocktwits/integration_v1.txt
14,2025-10-05,alerts,discord,posts/discord/alerts_v2.md
15,2025-10-06,gold,video,video_scripts/shorts/gold_v1.md
16,2025-10-07,exchange,facebook_linkedin,posts/facebook_linkedin/exchange_v2.md
17,2025-10-08,assetcreator,x_twitter,posts/x_twitter/assetcreator_v1.txt
18,2025-10-09,retirement,stocktwits,posts/stocktwits/retirement_v2.txt
19,2025-10-10,realtime,discord,posts/discord/realtime_v1.md
20,2025-10-11,community,video,video_scripts/shorts/community_v2.md
21,2025-10-12,budgeting,facebook_linkedin,posts/facebook_linkedin/budgeting_v1.md
22,2025-10-13,portfolio,x_twitter,posts/x_twitter/portfolio_v2.txt
23,2025-10-14,integration,stocktwits,posts/stocktwits/integration_v1.txt
24,2025-10-15,alerts,discord,posts/discord/alerts_v2.md
25,2025-10-16,gold,video,video_scripts/shorts/gold_v1.md
26,2025-10-17,exchange,facebook_linkedin,posts/facebook_linkedin/exchange_v2.md
27,2025-10-18,assetcreator,x_twitter,posts/x_twitter/assetcreator_v1.txt
28,2025-10-19,retirement,stocktwits,posts/stocktwits/retirement_v2.txt
29,2025-10-20,realtime,discord,posts/discord/realtime_v1.md
30,2025-10-21,community,video,video_scripts/shorts/community_v2.md
31,2025-10-22,budgeting,facebook_linkedin,posts/facebook_linkedin/budgeting_v1.md
32,2025-10-23,portfolio,x_twitter,posts/x_twitter/portfolio_v2.txt
33,2025-10-24,integration,stocktwits,posts/stocktwits/integration_v1.txt
34,2025-10-25,alerts,discord,posts/discord/alerts_v2.md
35,2025-10-26,gold,video,video_scripts/shorts/gold_v1.md
36,2025-10-27,exchange,facebook_linkedin,posts/facebook_linkedin/exchange_v2.md
37,2025-10-28,assetcreator,x_twitter,posts/x_twitter/assetcreator_v1.txt
38,2025-10-29,retirement,stocktwits,posts/stocktwits/retirement_v2.txt
39,2025-10-30,realtime,discord,posts/discord/realtime_v1.md
40,2025-10-31,community,video,holidays/community_Halloween_video.md
41,2025-11-01,budgeting,facebook_linkedin,posts/facebook_linkedin/budgeting_v1.md
42,2025-11-02,portfolio,x_twitter,posts/x_twitter/portfolio_v2.txt
43,2025-11-03,integration,stocktwits,posts/stocktwits/integration_v1.txt
44,2025-11-04,alerts,discord,posts/discord/alerts_v2.md
45,2025-11-05,gold,video,video_scripts/shorts/gold_v1.md
46,2025-11-06,exchange,facebook_linkedin,posts/facebook_linkedin/exchange_v2.md
47,2025-11-07,assetcreator,x_twitter,posts/x_twitter/assetcreator_v1.txt
48,2025-11-08,retirement,stocktwits,posts/stocktwits/retirement_v2.txt
49,2025-11-09,realtime,discord,posts/discord/realtime_v1.md
50,2025-11-10,community,video,video_scripts/shorts/community_v2.md
51,2025-11-11,budgeting,facebook_linkedin,holidays/budgeting_VeteransDay_facebook_linkedin.md
52,2025-11-12,portfolio,x_twitter,posts/x_twitter/portfolio_v2.txt
53,2025-11-13,integration,stocktwits,posts/stocktwits/integration_v1.txt
54,2025-11-14,alerts,discord,posts/discord/alerts_v2.md
55,2025-11-15,gold,video,video_scripts/shorts/gold_v1.md
56,2025-11-16,exchange,facebook_linkedin,posts/facebook_linkedin/exchange_v2.md
57,2025-11-17,assetcreator,x_twitter,posts/x_twitter/assetcreator_v1.txt
58,2025-11-18,retirement,stocktwits,posts/stocktwits/retirement_v2.txt
59,2025-11-19,realtime,discord,posts/discord/realtime_v1.md
60,2025-11-20,community,video,video_scripts/shorts/community_v2.md
61,2025-11-21,budgeting,facebook_linkedin,posts/facebook_linkedin/budgeting_v1.md
62,2025-11-22,portfolio,x_twitter,posts/x_twitter/portfolio_v2.txt
63,2025-11-23,integration,stocktwits,posts/stocktwits/integration_v1.txt
64,2025-11-24,alerts,discord,posts/discord/alerts_v2.md
65,2025-11-25,gold,video,video_scripts/shorts/gold_v1.md
66,2025-11-26,exchange,facebook_linkedin,posts/facebook_linkedin/exchange_v2.md
67,2025-11-27,assetcreator,x_twitter,holidays/assetcreator_Thanksgiving_x_twitter.txt
68,2025-11-28,retirement,stocktwits,holidays/retirement_BlackFriday_stocktwits.txt
69,2025-11-29,realtime,discord,posts/discord/realtime_v1.md
70,2025-11-30,community,video,video_scripts/shorts/community_v2.md
71,2025-12-01,budgeting,facebook_linkedin,posts/facebook_linkedin/budgeting_v1.md
72,2025-12-02,portfolio,x_twitter,holidays/portfolio_CyberMonday_x_twitter.txt
73,2025-12-03,integration,stocktwits,posts/stocktwits/integration_v1.txt
74,2025-12-04,alerts,discord,posts/discord/alerts_v2.md
75,2025-12-05,gold,video,video_scripts/shorts/gold_v1.md
76,2025-12-06,exchange,facebook_linkedin,posts/facebook_linkedin/exchange_v2.md
77,2025-12-07,assetcreator,x_twitter,posts/x_twitter/assetcreator_v1.txt
78,2025-12-08,retirement,stocktwits,posts/stocktwits/retirement_v2.txt
79,2025-12-09,realtime,discord,posts/discord/realtime_v1.md
80,2025-12-10,community,video,video_scripts/shorts/community_v2.md
81,2025-12-11,budgeting,facebook_linkedin,posts/facebook_linkedin/budgeting_v1.md
82,2025-12-12,portfolio,x_twitter,posts/x_twitter/portfolio_v2.txt
83,2025-12-13,integration,stocktwits,posts/stocktwits/integration_v1.txt
84,2025-12-14,alerts,discord,posts/discord/alerts_v2.md
85,2025-12-15,gold,video,video_scripts/shorts/gold_v1.md
86,2025-12-16,exchange,facebook_linkedin,posts/facebook_linkedin/exchange_v2.md
87,2025-12-17,assetcreator,x_twitter,posts/x_twitter/assetcreator_v1.txt
88,2025-12-18,retirement,stocktwits,posts/stocktwits/retirement_v2.txt
89,2025-12-19,realtime,discord,posts/discord/realtime_v1.md
90,2025-12-20,community,video,video_scripts/shorts/community_v2.md
91,2025-12-21,budgeting,facebook_linkedin,posts/facebook_linkedin/budgeting_v1.md
92,2025-12-22,portfolio,x_twitter,posts/x_twitter/portfolio_v2.txt
93,2025-12-23,integration,stocktwits,posts/stocktwits/integration_v1.txt
94,2025-12-24,alerts,discord,holidays/alerts_ChristmasEve_discord.md
95,2025-12-25,gold,video,holidays/gold_ChristmasDay_video.md
96,2025-12-26,exchange,facebook_linkedin,posts/facebook_linkedin/exchange_v2.md
97,2025-12-27,assetcreator,x_twitter,posts/x_twitter/assetcreator_v1.txt
98,2025-12-28,retirement,stocktwits,posts/stocktwits/retirement_v2.txt
99,2025-12-29,realtime,discord,posts/discord/realtime_v1.md
100,2025-12-30,community,video,video_scripts/shorts/community_v2.md
